TERRITORY,Total_Sales
EMEA,4979272.4099999955
NA,3852061.390000001
APAC,746121.8300000002
Japan,455173.2200000002
